Model,RMSE,R²,MAE,MAPE (%),MASE,Pretrained,Epochs
cnn_lstm,0.9686823790545505,-0.3168891370296478,0.5897108316421509,252.7050018310547,,False,11
