loss,val_loss
0.4070282280445099,0.45311975479125977
0.3968386650085449,0.43410712480545044
0.39445415139198303,0.43085238337516785
0.39339837431907654,0.43974804878234863
0.39278459548950195,0.44162794947624207
